manometer_id;name;chainage_m;manometer_elev
Sensor 1;Ring 0016;203.81;-1.59
Sensor 2;Ring 0020;211.01;-1.58
Sensor 3;Ring 0044;254.21;-1.53
Sensor 4;Ring 0049;263.21;-1.52
Sensor 5;Ring 0084;326.21;-1.26
Sensor 6;Ring 0086;329.81;-1.25
Sensor 7;Ring 0135;418.01;-0.88
Sensor 8;Ring 0139;425.21;-0.86
Sensor 9;Ring 0155;454.01;-0.74
Sensor 10;Ring 0159;461.21;-0.71
Sensor 11;Ring 0788;1593.41;3.95
Sensor 12;Ring 0790;1597.01;3.96
Sensor 13;Ring 0855;1714.01;4.44
Sensor 14;Ring 0859;1721.21;4.47
Sensor 15;Ring 0905;1804.01;4.81
Sensor 16;Ring 0909;1811.21;4.84
Sensor 17;Ring 0943;1872.41;5.09
Sensor 18;Ring 0947;1879.61;5.12
Sensor 19;Ring 0981;1940.81;5.37
Sensor 20;Ring 0985;1948.01;5.40
Sensor 21;Ring 1047;2059.61;5.86
Sensor 22;Ring 1051;2066.81;5.89
Sensor 23;Ring 1099;2153.21;6.25
Sensor 24;Ring 1103;2160.41;6.28
Sensor 25;Ring 0289;695.21;0.25
Sensor 26;Ring 0293;702.41;0.28
Sensor 27;Ring 0478;1035.41;1.65
Sensor 28;Ring 0475;1030.01;1.63
Sensor 29;Ring 0607;1267.61;2.61
Sensor 30;Ring 0611;1274.81;2.64
Sensor 31;Ring 1169;2279.21;6.76
Sensor 32;Ring 1173;2286.41;6.79
Sensor 33;Ring 1231;2390.81;7.22
Sensor 34;Ring 1235;2398.01;7.25
Sensor 35;Ring 1243;2412.41;7.31
Sensor 36;Ring 1247;2419.61;7.34
Sensor 37;Ring 0727;1483.61;3.49
Sensor 38;Ring 0731;1490.81;3.52
Sensor 40;Ring 0671;1382.81;3.08
Sensor 41;Ring 0537;1141.61;2.09
Sensor 42;Ring 0541;1148.81;2.12
Sensor 43;Ring 0367;835.61;0.83
Sensor 44;Ring 0370;841.01;0.85
Sensor 45;Ring 0397;889.61;1.05
Sensor 46;Ring 0401;896.81;1.08
Sensor 47;Ring 1283;2484.41;7.61
Sensor 48;Ring 1287;2491.61;7.64
Sensor 49;Ring 1449;2783.21;8.83
Sensor 50;Ring 1454;2792.21;8.87
Sensor 51;Ring 1547;2959.61;9.56
Sensor 52;Ring 1551;2966.81;9.59
Sensor 53;Ring 1633;3114.41;10.20
Sensor 54;Ring 1637;3121.61;10.23
Sensor 55;Ring 1698;3231.41;10.68
Sensor 56;Ring 1703;3240.41;10.71
Sensor 57;Ring 1763;3348.41;11.16
Sensor 58;Ring 1767;3355.61;11.19
Sensor 59;Ring 1771;3362.81;11.22
Sensor 60;Ring 1775;3370.01;11.25
Sensor 61;Ring 1833;3474.41;11.68
Sensor 62;Ring 1837;3481.61;11.70
Sensor 63;Ring 1891;3578.81;12.10
Sensor 64;Ring 1895;3586.01;12.13
Sensor 66;Ring 1947;3679.61;12.52
Sensor 67;Ring 1951;3686.81;12.55
Sensor 69;Ring 1985;3748.01;12.80
Sensor 70;Ring 1989;3755.21;12.83
Sensor 72;Ring 2053;3870.41;13.30
Sensor 73;Ring 2055;3874.01;13.32
Sensor 75;Ring 2123;3996.41;13.82
Sensor 76;Ring 2125;4000.01;13.84
Sensor 78;Ring 2193;4122.41;14.34
Sensor 79;Ring 2195;4126.01;14.35
Sensor 81;Ring 2207;4147.61;14.44
Sensor 82;Ring 2209;4151.21;14.46
Sensor 84;Ring 2225;4180.01;14.58
Sensor 85;Ring 2227;4183.61;14.59
Sensor 87;Ring 2261;4244.81;14.76
Sensor 88;Ring 2263;4248.41;14.76
Sensor 90;Ring 2329;4367.21;14.83
Sensor 91;Ring 2331;4370.81;14.84
Sensor 93;Ring 2369;4439.21;15.04
Sensor 94;Ring 2373;4446.41;15.07
Sensor 96;Ring 2585;4828.01;16.19
Sensor 97;Ring 2589;4835.21;16.21
Sensor 99;Ring 2649;4943.21;16.52
Sensor 100;Ring 2653;4950.41;16.55
Sensor 102;Ring 2717;5065.61;16.88
Sensor 103;Ring 2721;5072.81;16.90
Sensor 105;Ring 2745;5116.01;17.03
Sensor 106;Ring 2749;5123.21;17.05
Sensor 108;Ring 2783;5184.41;17.23
Sensor 109;Ring 2787;5191.61;17.25
Sensor 111;Ring 2811;5234.81;17.38
Sensor 112;Ring 2815;5242.01;17.40
Sensor 113;Ring 3105;5764.01;18.93
Sensor 114;Ring 3109;5771.21;18.96
Sensor 115;Ring 2869;5339.21;17.69
Sensor 116;Ring 2873;5346.41;17.71
Sensor 117;Ring 2927;5443.61;17.99
Sensor 118;Ring 2931;5450.81;18.01
Sensor 121;Ring 3053;5670.41;18.66
Sensor 122;Ring 3057;5677.61;18.68
Sensor 125;Ring 3237;6001.61;19.63
Sensor 126;Ring 3241;6008.81;19.65
Sensor 127;Ring 3295;6106.01;19.94
Sensor 128;Ring 3299;6113.21;19.96
Sensor 129;Ring 3169;5879.21;19.27
Sensor 130;Ring 3173;5886.41;19.29
Sensor 131;Ring 2985;5548.01;18.30
Sensor 132;Ring 2988;5553.41;18.32
Sensor 133;Ring 3437;6361.61;20.69
Sensor 134;Ring 3441;6368.81;20.71
Sensor 135;Ring 2507;4687.61;15.77
Sensor 136;Ring 2511;4694.81;15.79
Sensor 141;Ring 2732;5092.61;16.96
Sensor 153;Ring 3507;6487.61;21.06
Sensor 154;Ring 3511;6494.81;21.08
Sensor 155;Ring 3563;6588.41;21.36
Sensor 156;Ring 3567;6595.61;21.38
Sensor 157;Ring 2449;4583.21;15.47
Sensor 158;Ring 2445;4576.01;15.45
Sensor 160;Ring 2732;5092.61;16.96
Sensor 161;Ring 2758;5139.41;17.10
Sensor 162;Ring 2760;5143.01;17.11
Sensor 163;Ring 3617;6685.61;21.64
Sensor 164;Ring 3621;6692.81;21.66
Sensor 165;Ring 3695;6826.01;22.05
Sensor 166;Ring 3699;6833.21;22.07
Sensor 167;Ring 3773;6966.41;22.47
Sensor 168;Ring 3777;6973.61;22.49
Sensor 169;Ring 3829;7067.21;22.76
Sensor 170;Ring 3833;7074.41;22.78
Sensor 171;Ring 3905;7204.01;23.16
Sensor 172;Ring 3909;7211.21;23.18
Sensor 173;Ring 3941;7268.81;23.35
Sensor 174;Ring 3945;7276.01;23.37
Sensor 175;Ring 3969;7319.21;23.50
Sensor 176;Ring 3973;7326.41;23.52
Sensor 177;Ring 3997;7369.61;23.65
Sensor 178;Ring 4001;7376.81;23.67
Sensor 179;Ring 4025;7420.01;23.80
Sensor 180;Ring 4029;7427.21;23.82
Sensor 181;Ring 4043;7452.41;23.89
Sensor 182;Ring 4047;7459.61;23.91
Sensor 183;Ring 4071;7502.81;24.04
Sensor 184;Ring 4075;7510.01;24.06
Sensor 185;Ring 4079;7517.21;24.08
Sensor 186;Ring 4083;7524.41;24.10
Sensor 187;Ring 4205;7744.01;24.74
Sensor 188;Ring 4209;7751.21;24.77
Sensor 189;Ring 4242;7810.61;24.94
Sensor 190;Ring 4246;7817.81;24.96
Sensor 191;Ring 4301;7916.81;25.25
Sensor 192;Ring 4305;7924.01;25.27
Sensor 193;Ring 4377;8053.61;25.65
Sensor 194;Ring 4381;8060.81;25.67
Sensor 195;Ring 4455;8194.01;26.07
Sensor 196;Ring 4459;8201.21;26.09
Sensor 197;Ring 4499;8273.21;26.30
Sensor 198;Ring 4503;8280.41;26.32
Sensor 199;Ring 4513;8298.41;26.37
Sensor 201;Ring 4517;8305.61;26.39
Sensor 202;Ring 4581;8420.81;26.73
Sensor 203;Ring 4585;8428.01;26.75
Sensor 204;Ring 4637;8521.61;27.03
Sensor 205;Ring 4641;8528.81;27.05
Sensor 206;Ring 4653;8550.41;27.11
Sensor 207;Ring 4657;8557.61;27.13
Sensor 208;Ring 4735;8697.68;27.55
Sensor 209;Ring 4739;8705.50;27.57
Sensor 210;Ring 4793;8802.41;27.85
Sensor 211;Ring 4797;8809.61;27.87
Sensor 212;Ring 4875;8950.01;28.29
Sensor 213;Ring 4879;8957.21;28.31
Sensor 214;Ring 5011;9194.81;29.00
Sensor 215;Ring 5015;9202.01;29.03
Sensor 216;Ring 5077;9313.61;29.35
Sensor 217;Ring 5081;9320.81;29.37
Sensor 222;Ring 5273;9666.41;30.39
Sensor 223;Ring 5277;9673.61;30.41
Sensor 224;Ring 5345;9796.01;30.77
Sensor 225;Ring 5349;9803.21;30.79
Sensor 302;Ring 5621;10292.81;32.23
Sensor 303;Ring 5625;10300.01;32.25
Sensor 304;Ring 5637;10321.61;32.31
Sensor 305;Ring 5641;10328.81;32.33
Sensor 307;Ring 5675;10390.01;32.51
Sensor 308;Ring 5711;10454.81;32.70
Sensor 309;Ring 5715;10462.01;32.73
