area;method;id;partID;x;y;z;lon;lat;depth;height_probe;soil_classification
1;Løsmasseboring;190;350563;120308.2;1214750.6;140.9;10.863191;59.927433;5.1;135.8;Over berg, leirig sand
5;Løsmasseboring;922;350561;114893.5;1216226.8;84.4;10.766402;59.940806;7.8;76.6;Sandig leirig
5;Løsmasseboring;941;350137;114945.2;1216266.0;83.5;10.767326;59.941161;4.5;79.0;Overg berg, leire overgang grus/sand
1;Løsmasseboring;15-1;350564;120436.8;1214752.4;148.6;10.865490;59.927450;11.0;137.6;Sand
1;Løsmasseboring;15-2;350565;120436.8;1214752.4;148.6;10.865490;59.927450;5.1;143.5;Leirig sand
7;Løsmasseboring;2101PZ;;110152.4;1216081.7;86.0;10.681655;59.939491;4.1;81.9;Over berg, grus/stein
2;Løsmasseboring;362-1;345716;118903.0;1215019.2;97.9;10.838072;59.929866;37.7;60.2;Over berg, siltig leire
2;Løsmasseboring;362-2;348170;118903.0;1215019.2;97.9;10.838072;59.929866;25.0;72.9;Sandig leire
3;Løsmasseboring;571-1;350558;117927.1;1215461.6;120.7;10.820628;59.933874;10.0;110.7;Over berg, sand/grus
3;Løsmasseboring;571-2;350556;117927.1;1215461.6;120.7;10.820628;59.933874;5.0;115.7;Leire siltig sandig
3;Løsmasseboring;580-1;348814;117478.4;1215674.2;127.5;10.812607;59.935800;24.9;102.6;Siltig leire
3;Løsmasseboring;580-2;350557;117478.4;1215674.2;127.5;10.812607;59.935800;5.0;122.5;Siltig sandig leire
4,1;Løsmasseboring;712-1;350555;116015.4;1216317.7;119.9;10.786456;59.941629;14.9;105.0;Over berg, sand/grus
4,1;Løsmasseboring;712-2;350570;116015.4;1216317.7;119.9;10.786456;59.941629;7.0;112.9;Siltig leire
5;Bergboring;HB3020;;113490.8;1215999.0;76.7;10.741329;59.938743;14.0;62.7;Berg
5;Bergboring;HB3120-1;;113997.4;1216007.6;75.0;10.750384;59.938820;26.0;49.4;Berg
5;Bergboring;HB3120-2;;113997.4;1216007.6;75.0;10.750384;59.938820;22.0;53.4;Berg
7;Bergboring;HB3220-1;;109634.0;1216144.0;95.0;10.672388;59.940056;26.5;68.5;Berg
7;Bergboring;HB3220-2;;109634.0;1216144.0;95.0;10.672388;59.940056;14.5;80.5;Berg
7;Bergboring;HB3320;;111860.0;1216148.0;74.3;10.712178;59.940092;19.0;55.3;Berg
6;Bergboring;HB3520-1;;112116.0;1216241.0;81.0;10.716754;59.940935;26.4;54.6;Berg
6;Bergboring;HB3520-2;;112116.0;1216241.0;81.0;10.716754;59.940935;26.4;54.6;Berg
6;Bergboring;HB3620;;111945.0;1216272.0;81.7;10.713698;59.941216;19.0;62.7;Berg
2;Bergboring;HB-3720;37273;119325.0;1214921.6;96.7;10.845616;59.928982;16.2;80.5;Borehull i berg
4,1;Bergboring;HB-3820;42891;115998.0;1216260.6;118.4;10.786145;59.941112;23.7;94.7;Berg
2;Bergboring;HB-3920;37165;119568.8;1214703.6;;10.849974;59.927008;;;Borehull i berg
2;Bergboring;HB-4020;37190;119582.2;1214699.5;;10.850213;59.926970;;;Borehull i berg
2;Bergboring;HB-4120; ;119596.0;1214699.9;93.3;10.850460;59.926974;10.0;83.3;Borehull i berg
2;Bergboring;HB-4220;37275;119607.6;1214694.8;92.9;10.850668;59.926927;17.0;75.9;Borehull i berg
2;Bergboring;HB-4320;42914;119625.5;1214687.3;92.9;10.850987;59.926860;12.6;80.3;Borehull i berg
2;Bergboring;HB-4420;47439;119638.3;1214679.1;93.1;10.851216;59.926785;10.0;83.1;Borehull i berg
2;Bergboring;HB-4520; ;119667.9;1214661.4;93.6;10.851746;59.926625;10.0;83.6;Borehull i berg
3;Bergboring;HB-4620;46949;116989.9;1215958.7;144.0;10.803875;59.938378;28.0;116.0;Berg
5;Bergboring;HB-4720;36915;114800.0;1216194.3;90.0;10.764732;59.940512;38.8;51.2;Berg
1;Bergboring;HB-4820; ;120706.4;1213882.7;;10.870308;59.919571;;;Berg
1;Bergboring;HB-4920; ;120707.0;1213881.8;;10.870320;59.919562;;;Berg
;Bergboring;HB-5021;;112885.1;1216022.4;;10.730502;59.938954;;;
5;Bergboring;HB-5121;37282;114450.0;1216065.0;73.2;10.758475;59.939340;37.0;36.2;Berg
5;Bergboring;HB-5121-2;;114450.0;1216065.0;73.2;10.758475;59.939340;20.0;53.2;Berg
2;Bergboring;K-1420;37058;119826.8;1214576.4;99.7;10.854585;59.925855;15.5;84.2;Berg
2;Bergboring;K-1520;37141;119833.3;1214570.8;100.3;10.854702;59.925804;15.5;84.8;Berg
2;Bergboring;K-1620;35897;119214.6;1214839.0;84.3;10.843643;59.928234;7.0;77.3;Borehull i berg
2;Bergboring;K-1720;43231;118315.5;1215264.9;116.3;10.827571;59.932092;17.2;99.1;Berg
2;Bergboring;K-1820;49001;118277.3;1215259.8;119.2;10.826889;59.932046;17.0;102.2;Berg
3;Bergboring;K-1920;42804;117659.5;1215575.5;125.3;10.815845;59.934906;23.0;102.3;Berg
3;Bergboring;K-2020;47038;116855.6;1215923.1;143.1;10.801476;59.938055;31.4;111.8;Berg
8;Bergboring;K-2120;42882;116670.1;1217329.7;216.2;10.798159;59.950797;38.0;178.2;Berg
4,1;Bergboring;K-2220; ;115891.5;1216329.9;118.7;10.784242;59.941740;;;Berg
5;Bergboring;K-2320;43229;114913.5;1216215.2;;10.766760;59.940701;32.0;;Berg
5;Bergboring;K-2620;37204;113942.5;1215889.1;72.6;10.749404;59.937747;15.5;57.1;Berg
6;Bergboring;K-2720;46744;112864.0;1216112.9;92.6;10.730125;59.939774;17.5;75.1;Berg
7;Bergboring;K-2820;37042;111663.3;1215892.3;71.9;10.708662;59.937776;17.0;54.9;Berg
7;Bergboring;K-2920;42894;110417.7;1216134.4;79.0;10.686397;59.939969;16.1;62.9;Berg
1;Bergboring;K-3021;46627;120445.5;1213851.4;201.2;10.865646;59.919287;35.0;166.2;Berg
7;Løsmasseboring;PZ01;;109304.3;1216335.9;116.4;10.666495;59.941794;10.7;105.7;Ukjent
7;Løsmasseboring;PZ02;;109118.3;1216080.9;128.0;10.663170;59.939484;2.4;125.6;Ukjent
7;Løsmasseboring;PZ03;;109288.1;1216135.6;120.1;10.666205;59.939980;8.3;111.8;Ukjent
7;Løsmasseboring;PZ04;;108692.7;1216095.6;134.0;10.655563;59.939618;10.4;123.6;Ukjent
7;Løsmasseboring;PZ05;;108918.1;1215980.3;147.1;10.659592;59.938573;1.2;145.9;Ukjent
7;Løsmasseboring;PZ12-1;;108756.7;1216330.3;139.1;10.656707;59.941744;12.7;126.4;Ukjent
7;Løsmasseboring;PZ12-2;;108756.7;1216330.3;139.1;10.656707;59.941744;7.7;131.4;Ukjent
5;Løsmasseboring;PZ1401-1;;113168.2;1215734.8;72.5;10.735562;59.936349;24.7;47.9;Over berg, leire
5;Løsmasseboring;PZ1401-2;;113168.2;1215734.8;72.5;10.735562;59.936349;12.0;60.5;Leire
6;Løsmasseboring;PZ1502;;112740.3;1216071.1;87.2;10.727914;59.939395;6.5;80.7;Over berg, leire sandig
6;Løsmasseboring;PZ1602-1;;112254.6;1216170.7;89.0;10.719231;59.940298;12.0;77.0;Over berg, leire
6;Løsmasseboring;PZ1602-2;;112254.6;1216170.7;89.0;10.719231;59.940298;7.0;82.0;Leire
6;Løsmasseboring;PZ1701-1;;112046.4;1216437.5;90.6;10.715509;59.942715;35.4;55.2;Over berg, leire
6;Løsmasseboring;PZ1701-2;;112046.4;1216437.5;90.6;10.715509;59.942715;15.0;75.6;Leire
7;Løsmasseboring;PZ2003-1;;110537.9;1216005.9;68.6;10.688546;59.938805;15.0;53.7;Over berg, leire sandig
7;Løsmasseboring;PZ2003-2;;110537.9;1216005.9;68.6;10.688546;59.938805;5.0;63.6;Leire sandig
5;Løsmasseboring;PZ-2203-1;18521;114565.1;1216036.1;77.1;10.760532;59.939079;25.1;52.0;Sandig leire
5;Løsmasseboring;PZ-2203-2;42921;114565.1;1216036.1;77.1;10.760532;59.939079;10.2;66.9;Siltig leire
5;Løsmasseboring;PZ-2207-1;18621;114767.0;1216392.4;89.6;10.764141;59.942306;25.0;64.6;Leirig sand/grus
5;Løsmasseboring;PZ-2207-2;43021;114767.0;1216392.4;89.6;10.764141;59.942306;10.0;79.6;Sandig leire
4,2;Løsmasseboring;PZ-2211; ;115445.3;1216404.9;101.1;10.776266;59.942419;12.0;89.1;Over berg, leirig sand/grus
4,2;Løsmasseboring;PZ-2211; ;115445.3;1216404.9;101.1;10.776266;59.942419;6.0;95.1;Sandig leire
8;Løsmasseboring;PZ-3020;30201;116163.7;1218942.5;165.0;10.789107;59.965408;20.4;144.6;Morene
8;Løsmasseboring;PZ-3020-2;30202;116163.7;1218942.5;165.0;10.789107;59.965408;15.0;150.0;Sand/grus
8;Løsmasseboring;PZ-3047-1;30471;116412.7;1218161.1;176.4;10.793559;59.958329;17.0;159.4;Morene
8;Løsmasseboring;PZ-3047-2;30472;116412.7;1218161.1;176.4;10.793559;59.958329;7.0;169.4;Leire siltig sandig
4,1;Løsmasseboring;PZ-3103-1;31032;116154.2;1216843.8;134.1;10.788938;59.946396;9.6;124.5;Over berg, sand
4,1;Løsmasseboring;PZ-3103-2;31031;116154.2;1216843.8;134.1;10.788938;59.946396;5.0;129.1;Leire
4,1;Løsmasseboring;PZ-3112-1; ;116386.7;1216563.5;149.8;10.793093;59.943856;9.1;140.8;Over berg, leirig sand
4,1;Løsmasseboring;PZ-3112-2; ;116386.7;1216563.5;149.8;10.793093;59.943856;5.0;144.8;Leire
4,1;Løsmasseboring;PZ-3124-1;31241;116103.6;1216920.4;136.6;10.788034;59.947089;12.0;124.6;Over berg, leirig sand
4,1;Løsmasseboring;PZ-3124-2;31242;116103.6;1216920.4;136.6;10.788034;59.947089;7.0;129.6;Leire/silt
4,1;Løsmasseboring;PZ-3129-1;31291;116485.3;1216760.8;157.3;10.794855;59.945643;10.0;147.3;Over berg, leire/silt
4,1;Løsmasseboring;PZ-3129-2;31292;116485.3;1216760.8;157.3;10.794855;59.945643;5.0;152.3;Leire/silt
4,1;Løsmasseboring;PZ-4004-1;40042;116153.1;1216286.8;128.0;10.788917;59.941350;8.0;120.0;Over berg, leire/silt
4,1;Løsmasseboring;PZ-4004-2;40041;116153.1;1216286.8;128.0;10.788917;59.941350;4.0;124.0;Leire/silt
3;Løsmasseboring;PZ-4015-1;40151;117017.4;1216191.5;156.2;10.804367;59.940486;13.0;143.2;Ca. 1m over berg, morene
3;Løsmasseboring;PZ-4015-2;40152;117017.4;1216191.5;156.2;10.804367;59.940486;7.0;149.2;Sand/grus
3;Løsmasseboring;PZ-4019-1;40191;117066.0;1215742.1;117.7;10.805236;59.936415;5.0;112.7;Sand/grus
3;Løsmasseboring;PZ-4019-2;40192;117066.0;1215742.1;117.7;10.805236;59.936415;17.1;100.6;Sand/grus noe leire
3;Løsmasseboring;PZ-4028-1;40281;117870.3;1215840.3;117.4;10.819613;59.937304;29.8;87.6;Sandig leire
3;Løsmasseboring;PZ-4028-2;40282;117870.3;1215840.3;117.4;10.819613;59.937304;14.8;102.6;Sandig leire
2;Løsmasseboring;PZ-4031-1;40311;117791.4;1215195.2;111.6;10.818203;59.931460;14.6;97.0;Over berg, sand/grus
2;Løsmasseboring;PZ-4031-2;40312;117791.4;1215195.2;111.6;10.818203;59.931460;7.0;104.6;Leire/silt
2;Løsmasseboring;PZ-4035-1;40351;118186.8;1215582.7;124.9;10.825270;59.934971;18.0;106.9;Over berg, leire/silt
2;Løsmasseboring;PZ-4035-2;40352;118186.8;1215582.7;124.9;10.825270;59.934971;7.0;117.9;Leire/silt
2;Løsmasseboring;PZ-5001-1;50011;118167.4;1215351.7;117.3;10.824924;59.932879;9.8;107.5;Over berg, leirig sand
2;Løsmasseboring;PZ-5001-2;50012;118167.4;1215351.7;117.3;10.824924;59.932879;4.8;112.5;Leirig sand
2;Løsmasseboring;PZ-5002-1;50021;119242.9;1215149.7;88.3;10.844149;59.931049;18.0;70.3;Over berg, sand/grus
2;Løsmasseboring;PZ-5002-2;50022;119242.9;1215149.7;88.3;10.844149;59.931049;10.0;78.3;Sandig leire
2;Løsmasseboring;PZ-5003;15521;119698.8;1214740.8;93.9;10.852297;59.927344;15.1;78.8;Siltig leire
2;Løsmasseboring;PZ-5004-1;50041;119806.1;1214783.6;97.0;10.854217;59.927732;26.9;70.1;Leirig sand/grus
2;Løsmasseboring;PZ-5004-2;50042;119806.1;1214783.6;97.0;10.854217;59.927732;15.0;82.0;Siltig leire, noe sand
2;Løsmasseboring;PZ-5010-1;50101;119180.3;1214654.4;94.3;10.843030;59.926561;48.1;46.2;Over berg, siltig leire
2;Løsmasseboring;PZ-5010-2;50102;119180.3;1214654.4;94.3;10.843030;59.926561;10.1;84.2;Siltig leire
1;Løsmasseboring;PZ-6030-1;60301;119923.1;1213973.9;173.1;10.856307;59.920397;13.0;160.1;Over berg, sandig leire
1;Løsmasseboring;PZ-6030-2;60302;119923.1;1213973.9;173.1;10.856307;59.920397;7.0;166.1;Sandig/grusig
1;Løsmasseboring;PZ-6033-1;60331;120263.1;1214288.8;165.5;10.862385;59.923250;16.0;149.5;Over berg, sand/grus
1;Løsmasseboring;PZ-6033-2;60332;120263.1;1214288.8;165.5;10.862385;59.923250;5.0;160.5;Sandig leire
1;Løsmasseboring;PZ-9002;;119990.2;1214397.0;156.1;10.857507;59.924229;8.5;147.6;Over berg, grus
2;Løsmasseboring;PZ-9004;22169;119771.8;1214570.2;96.0;10.853603;59.925799;4.6;91.4;Over berg, leirig sand
2;Løsmasseboring;PZ-9005;185719;119556.2;1214540.1;93.4;10.849749;59.925526;28.5;64.9;Over berg, leirig sand
2;Løsmasseboring;PZ-9006;22155;119392.4;1215025.7;93.0;10.846821;59.929925;13.3;79.7;Over berg, leire
2;Løsmasseboring;PZ-9007;;119325.0;1214814.5;94.1;10.845617;59.928012;24.5;69.6;Over berg, leire
2;Løsmasseboring;PZ-9008;22189;119287.0;1214525.3;91.5;10.844936;59.925392;47.5;44.0;Sand/grus, over 23 m lagvis leire og grus til berg
2;Løsmasseboring;PZ-9009;22158;119126.5;1214915.0;83.7;10.842068;59.928923;19.8;63.9;Over berg, sand/grus
2;Løsmasseboring;PZ-9010;22194;119064.7;1215296.5;97.1;10.840963;59.932378;31.7;65.4;Sand/grus, 4 m morene til berg
2;Løsmasseboring;PZ-9011;22190;119026.8;1214636.5;88.0;10.840285;59.926400;51.6;36.4;Over berg, sand/grus
2;Løsmasseboring;PZ-9012;22195;119013.8;1215133.6;96.4;10.840053;59.930903;26.1;70.3;Sand/grus
2;Løsmasseboring;PZ-9013;;118846.6;1214791.3;95.7;10.837064;59.927802;32.6;63.1;Over berg, leire/silt
2;Løsmasseboring;PZ-9014;22151;118815.2;1215167.4;98.2;10.836503;59.931209;16.2;82.0;Over berg, leire sandig
2;Løsmasseboring;PZ-9015;22102;118787.4;1215086.3;98.0;10.836007;59.930474;21.2;76.8;Over berg, leire/silt
2;Løsmasseboring;PZ-9016;22196;118728.7;1214669.4;95.4;10.834957;59.926697;38.9;56.5;Over berg, leire/silt
2;Løsmasseboring;PZ-9017;;118724.5;1215341.8;;10.834882;59.932789;5.4;;Over berg, sand
2;Løsmasseboring;PZ-9020-1;22105;118386.9;1215272.4;114.4;10.828847;59.932160;16.0;98.4;Over berg, leire
2;Løsmasseboring;PZ-9020-2;22152;118386.9;1215272.4;114.4;10.828847;59.932160;10.0;104.4;Leire
2;Løsmasseboring;PZ-9020-3;22143;118386.9;1215272.4;114.4;10.828847;59.932160;5.0;109.4;Leire
2;Løsmasseboring;PZ-9021;22119;118316.3;1215149.8;113.9;10.827586;59.931049;22.2;91.7;Over berg, sand
2;Løsmasseboring;PZ-9023;;118216.0;1215487.8;;10.825792;59.934111;17.0;;Over berg, sand leirig
2;Løsmasseboring;PZ-9024;;117915.4;1215344.6;116.5;10.820419;59.932814;16.0;;Over berg, grus
3;Løsmasseboring;PZ-9025;22156;117799.7;1215555.6;124.0;10.818351;59.934725;12.2;111.8;Over berg, leire/silt
3;Løsmasseboring;PZ-9027;22147;117690.9;1215685.1;112.4;10.816406;59.935899;17.6;94.8;Over berg, sand leirig
3;Løsmasseboring;PZ-9029;22191;117335.3;1215601.3;127.3;10.810049;59.935140;27.0;100.3;Over berg, leire
2;Løsmasseboring;PZ-9030;22153;117322.0;1215401.1;122.3;10.809811;59.933326;9.9;112.4;Over berg, morene/grus
3;Løsmasseboring;PZ-9031;22177;117306.2;1215758.5;136.6;10.809531;59.936564;5.3;131.3;Over berg, morene/grus
3;Løsmasseboring;PZ-9032;22176;117298.6;1215859.2;144.0;10.809394;59.937476;6.3;137.7;Over berg, leire
3;Løsmasseboring;PZ-9033;22146;117122.8;1216444.3;165.0;10.806251;59.942776;18.0;147.0;Over berg, morene/grus
3;Løsmasseboring;PZ-9036;22154;116902.3;1215886.4;138.5;10.802310;59.937722;13.5;125.0;Over berg, morene/grus
3;Løsmasseboring;PZ-9037;22171;116807.1;1216026.9;137.1;10.800608;59.938995;12.7;124.4;Over berg, sand/grus
3;Løsmasseboring;PZ-9038;;116557.8;1215996.8;142.7;10.796152;59.938722;11.0;131.7;Over berg, morene/grus
3;Løsmasseboring;PZ-9040;;116471.6;1216116.2;141.0;10.794611;59.939804;3.6;137.4;Over berg, leire
4,1;Løsmasseboring;PZ-9041;22167;116465.2;1216420.1;151.1;10.794497;59.942557;4.6;146.5;Over berg, morene/grus
3;Løsmasseboring;PZ-9042;;116442.7;1215996.4;140.2;10.794095;59.938719;9.0;131.2;Over berg, leire
4,1;Løsmasseboring;PZ-9043;22166;116444.7;1216937.4;150.6;10.794131;59.947244;5.9;144.7;Over berg, grus
4,1;Løsmasseboring;PZ-9045;;116360.0;1216735.4;150.3;10.792616;59.945413;4.0;146.3;Over berg, grus
4,1;Løsmasseboring;PZ-9047;22148;116161.3;1216214.0;125.9;10.789065;59.940690;5.4;120.5;Over berg, leire
4,1;Løsmasseboring;PZ-9048;22131;116022.4;1216580.6;125.0;10.786582;59.944011;13.0;112.0;Over berg, sand leirig
4,1;Løsmasseboring;PZ-9049;22149;115843.3;1216077.9;104.9;10.783381;59.939457;11.0;93.9;Over berg, leire
4,2;Løsmasseboring;PZ-9051;;115612.6;1216594.6;110.4;10.779256;59.944138;20.0;90.4;Over sand-/gruslag, leire
4,2;Løsmasseboring;PZ-9052;;115599.5;1216461.5;108.9;10.779023;59.942932;18.4;90.5;Over berg, leire
5;Løsmasseboring;PZ-9055-1;19021;115158.3;1216238.2;89.2;10.771135;59.940909;9.7;79.5;Over berg, leire
5;Løsmasseboring;PZ-9055-2;22130;115158.3;1216238.2;89.2;10.771135;59.940909;7.1;82.1;Leire
5;Løsmasseboring;PZ-9055-3;22132;115158.3;1216238.2;89.2;10.771135;59.940909;4.5;84.7;Sand
5;Løsmasseboring;PZ-9056;22192;115151.8;1216015.2;85.6;10.771020;59.938889;28.0;57.6;Over berg, sand/grus
5;Løsmasseboring;PZ-9057;22120;114821.3;1215809.6;77.6;10.765112;59.937027;14.4;63.2;Over berg, leire
5;Løsmasseboring;PZ-9058;22161;114768.3;1216106.9;81.5;10.764165;59.939720;26.4;55.1;Over berg, sand leirig
5;Løsmasseboring;PZ-9059;Utført;114661.3;1216238.3;86.4;10.762252;59.940911;25.8;60.6;
5;Løsmasseboring;PZ-9060-1;67321;114661.0;1216113.3;79.3;10.762247;59.939778;33.6;45.7;Over berg, sand
5;Løsmasseboring;PZ-9060-2;67221;114661.0;1216113.3;79.3;10.762247;59.939778;25.1;54.2;Leire sandig
5;Løsmasseboring;PZ-9060-3;22145;114661.0;1216113.3;79.3;10.762247;59.939778;15.0;64.3;Leire
5;Løsmasseboring;PZ-9060-4;22165;114661.0;1216113.3;79.3;10.762247;59.939778;5.1;74.2;Leire
5;Løsmasseboring;PZ-9062;22193;114463.7;1216011.3;74.3;10.758719;59.938854;24.2;50.1;Over berg, sand/grus
5;Løsmasseboring;PZ-9063;126821;114444.0;1216193.5;80.0;10.758368;59.940504;13.2;66.8;Over berg, leire sandig
5;Løsmasseboring;PZ-9064;22164;114082.1;1215744.7;68.1;10.751898;59.936439;9.6;58.5;Over berg, morene
5;Løsmasseboring;PZ-9065;;114075.1;1216107.2;76.5;10.751774;59.939722;13.9;62.6;Over berg, sand/grus
5;Løsmasseboring;PZ-9066;;113635.3;1216169.3;77.9;10.743912;59.940285;18.1;59.8;Over berg, leire sandig
5;Løsmasseboring;PZ-9067;;113168.9;1215913.2;75.3;10.735575;59.937965;6.4;68.9;Over berg, leire sandig
6;Løsmasseboring;PZ-9069;22168;112818.0;1215800.5;95.4;10.729302;59.936945;4.0;91.4;Over berg, sand/grus
6;Løsmasseboring;PZ-9070;;112061.5;1216148.9;75.2;10.715781;59.940100;3.0;72.2;Over steinlag, tørrskorpeleire.
7;Løsmasseboring;PZ-9071;22142;110996.9;1215917.3;65.7;10.696751;59.938002;6.0;59.7;Over berg, leire
7;Løsmasseboring;PZ-9072;22219;109894.2;1216035.8;79.8;10.677040;59.939076;8.7;;Over berg, leire
7;Løsmasseboring;PZ-9073;22170;109625.8;1216469.0;102.9;10.672242;59.943000;4.9;;Over berg, leire
;Løsmasseboring;PZ-9081;;119227.0;1214831.6;;10.843864;59.928167;13.5;72.1;Over berg, leire
;Løsmasseboring;PZ-9082;;118607.8;1215139.7;;10.832796;59.930958;10.8;96.4;
7;Løsmasseboring;PZP10;;110285.2;1215865.1;66.7;10.684029;59.937529;8.3;58.4;Ukjent
7;Løsmasseboring;PZP11;;110455.0;1216027.8;67.7;10.687064;59.939003;9.1;58.6;Ukjent
7;Løsmasseboring;PZP13-1;;110545.5;1216087.5;70.5;10.688682;59.939544;10.6;59.9;Ukjent
7;Løsmasseboring;PZP13-2;;110545.5;1216087.5;70.5;10.688682;59.939544;5.5;65.0;Ukjent
7;Løsmasseboring;PZP14;;111170.6;1216215.1;87.8;10.699855;59.940700;8.6;79.2;Ukjent
7;Løsmasseboring;PZP15;;111395.0;1216112.5;76.5;10.703866;59.939771;2.1;74.4;Ukjent
7;Løsmasseboring;PZP16-1;;111860.0;1216148.0;72.3;10.712178;59.940092;17.4;55.0;Ukjent
7;Løsmasseboring;PZP16-2;;111860.0;1216148.0;72.3;10.712178;59.940092;10.3;62.0;Ukjent
7;Løsmasseboring;PZP17-1;;111935.7;1216229.5;80.7;10.713532;59.940831;28.6;52.1;Ukjent
7;Løsmasseboring;PZP17-2;;111935.7;1216229.5;80.7;10.713532;59.940831;11.0;69.7;Ukjent
6;Løsmasseboring;PZP19-1;;112116.0;1216241.0;82.2;10.716754;59.940935;14.0;68.2;Ukjent
6;Løsmasseboring;PZP19-2;;112116.0;1216241.0;82.2;10.716754;59.940935;5.0;77.2;Ukjent
6;Løsmasseboring;PZP21;;112527.3;1216137.3;91.5;10.724106;59.939995;10.1;81.4;Ukjent
6;Løsmasseboring;PZP22-1;;113051.2;1216063.6;87.3;10.733471;59.939328;10.3;77.0;Ukjent
6;Løsmasseboring;PZP22-2;;113051.2;1216063.6;87.3;10.733471;59.939328;8.7;78.6;Ukjent
5;Løsmasseboring;PZP23-1;;113279.6;1215963.8;75.4;10.737554;59.938424;18.3;57.1;Ukjent
5;Løsmasseboring;PZP23-2;;113279.6;1215963.8;75.4;10.737554;59.938424;9.0;66.4;Ukjent
5;Løsmasseboring;PZP24-1;;113462.4;1215791.4;74.9;10.740821;59.936862;15.1;59.8;Ukjent
5;Løsmasseboring;PZP24-2;;113462.4;1215791.4;74.9;10.740821;59.936862;10.0;64.9;Ukjent
5;Løsmasseboring;PZP25-1;;113490.8;1215999.0;76.4;10.741329;59.938743;27.9;48.5;Ukjent
5;Løsmasseboring;PZP25-2;;113490.8;1215999.0;76.4;10.741329;59.938743;14.0;62.4;Ukjent
5;Løsmasseboring;PZP26-1;;113759.9;1216071.4;76.9;10.746139;59.939398;12.6;64.4;Ukjent
5;Løsmasseboring;PZP26-2;;113759.9;1216071.4;76.9;10.746139;59.939398;8.0;68.9;Ukjent
5;Løsmasseboring;PZP27-1;;113815.7;1216247.1;78.7;10.747137;59.940990;24.8;53.9;Ukjent
5;Løsmasseboring;PZP27-2;;113815.7;1216247.1;78.7;10.747137;59.940990;18.3;60.4;Ukjent
5;Løsmasseboring;PZP28-1;;113997.4;1216007.6;75.0;10.750384;59.938820;20.6;54.4;Ukjent
5;Løsmasseboring;PZP28-2;;113997.4;1216007.6;75.0;10.750384;59.938820;10.5;64.5;Ukjent
5;Løsmasseboring;PZP29;;114107.0;1215907.0;72.9;10.752344;59.937909;7.3;65.6;Ukjent
5;Løsmasseboring;PZP30-1;;114127.6;1215615.6;63.9;10.752712;59.935269;20.9;43.0;Ukjent
5;Løsmasseboring;PZP30-2;;114127.6;1215615.6;63.9;10.752712;59.935269;10.5;53.4;Ukjent
5;Løsmasseboring;PZP31;;114199.0;1215781.0;69.9;10.753988;59.936768;8.3;61.6;Ukjent
5;Løsmasseboring;PZP32-1;;114321.2;1215369.1;54.2;10.756173;59.933036;26.7;27.5;Ukjent
5;Løsmasseboring;PZP32-2;;114321.2;1215369.1;54.2;10.756173;59.933036;17.5;36.7;Ukjent
5;Løsmasseboring;PZP33-1;;114380.0;1215830.0;70.7;10.757224;59.937211;27.3;43.4;Ukjent
5;Løsmasseboring;PZP33-2;;114380.0;1215830.0;70.7;10.757224;59.937211;19.0;51.7;Ukjent
5;Løsmasseboring;PZP34-1;;114496.2;1215245.3;55.5;10.759301;59.931915;27.0;28.5;Ukjent
5;Løsmasseboring;PZP34-2;;114496.2;1215245.3;55.5;10.759301;59.931915;20.5;35.0;Ukjent
5;Løsmasseboring;PZP35-1;;114295.0;1215470.0;55.0;10.755704;59.933950;19.2;35.8;Ukjent
5;Løsmasseboring;PZP35-2;;114295.0;1215470.0;55.0;10.755704;59.933950;15.5;39.5;Ukjent
7;Løsmasseboring;PZP38;;109689.6;1216176.6;88.1;10.673382;59.940351;4.2;83.9;Ukjent
7;Løsmasseboring;PZP40;;111074.8;1216128.4;81.1;10.698143;59.939915;8.7;72.4;Ukjent
7;Løsmasseboring;PZP9;;109631.6;1216134.0;94.6;10.672346;59.939965;2.6;92.0;Ukjent
2;Løsmasseboring;Sonic 02-1;10202;119567.5;1214682.8;94.9;10.849950;59.926819;6.0;88.9;Berg
2;Løsmasseboring;Sonic 02-2;10215;119567.5;1214682.8;94.9;10.849950;59.926819;21.0;73.9;Berg
2;Løsmasseboring;Sonic 02-3;10214;119567.5;1214682.8;94.9;10.849950;59.926819;38.0;56.9;Berg
2;Løsmasseboring;Sonic 02-4;10213;119567.5;1214682.8;94.9;10.849950;59.926819;44.0;50.9;Berg
2;Løsmasseboring;Sonic 02-5;10212;119567.5;1214682.8;94.9;10.849950;59.926819;53.0;41.9;Berg
2;Løsmasseboring;Sonic 02-6;10211;119567.5;1214682.8;94.9;10.849950;59.926819;66.0;28.9;Berg
;;SBR2;;109710.2;1216018.0;;10.673751;59.938915;;;
